"rank","count","categoria","accion","familia"
"1","1963","OTROS JUGUETES","","juguetes"
"2","968","PELUCHERIA GENERAL","","peluches"
"3","832","DISFRASES VARIOS","","disfraces-y-halloween"
"4","802","PINATERIA","","pinateria"
"5","759","DECORACION DE HOGAR","","decoracion-fiestas"
"6","621","HORA LOCA FIESTA","","decoracion-fiestas"
"7","577","JUEGO DIDACTICO","","juguetes"
"8","539","MUNECOS Y MUNECAS","","juguetes"
"9","518","DECORACION PARA FIESTAS","","decoracion-fiestas"
"10","510","ACCESORIOS DISFRAZ","","disfraces-y-halloween"
"11","488","FESTONERIA","","decoracion-fiestas"
"12","403","CAJA DE REGALO","","regalos-y-detalles"
"13","397","DESECHABLES PLASTICOS","","decoracion-fiestas"
"14","332","CARROS/MOTOS","","juguetes"
"15","313","DULCERIA CHOCOLATES","","dulceria-y-snacks"
"16","299","DE COSMETICOS","","cosmeticos-y-cuidado-personal"
"17","227","DESECHABLES DECORADOS","","decoracion-fiestas"
"18","223","ADORNOS NAVIDENOS","","navidad"
"19","221","MUNECOS, BRUJ/ADORNOS HALLOWEEN","","disfraces-y-halloween"
"20","199","MASCARAS HALLOWEEN","","disfraces-y-halloween"
"21","191","OTROS HALLOWEEN","","disfraces-y-halloween"
"22","187","JUEGOS DE MESAS","","juguetes"
"23","182","SOMBREROS Y GORROS HALLOWEEN","","disfraces-y-halloween"
"24","176","DULCERIA OTROS","","dulceria-y-snacks"
"25","150","INFLABLES","","decoracion-fiestas"
"26","128","DULCERIA GALLETAS","","dulceria-y-snacks"
"27","127","CRISTALRIA","","decoracion-fiestas"
"28","115","LLAVERO SURTIDO","","moda-y-accesorios"
"29","115","OTROS UTILES ESCOLAR","","escolar"
"30","112","PAPAS","","dulceria-y-snacks"
"31","104","CINTAS DE PAPEL/SEDA/ETC","","regalos-y-detalles"
"32","102","VELAS DECORATIVAS","","decoracion-fiestas"
"33","100","TECNOLOGIA (PARLANT-AUDIF-TECLAD)","","tecnologia-y-electronica"
"34","95","DULCERIA BANANAS Y BOMBONES","","dulceria-y-snacks"
"35","93","COLORES Y MARCADORES","","escolar"
"36","92","LIQUIDOS","CONFIRMAR","pinateria"
"37","87","BOLSA REGALO SENCILLAS","","regalos-y-detalles"
"38","82","INSTRUMENTOS MUSICAL","","juguetes"
"39","81","TARJETERIA VARIOS MOTIVOS","","regalos-y-detalles"
"40","79","LUCES DE NAVIDAD","","navidad"
"41","75","VELAS FELIZ CUMPLEANOS","","decoracion-fiestas"
"42","74","MANTELERIA","","decoracion-fiestas"
"43","73","DECORACION MOBILIARIO FIESTAS","","decoracion-fiestas"
"44","72","LAMPARAS","","hogar-y-variedades"
"45","70","ARMAS Y BALDES HALLOWEEN","","disfraces-y-halloween"
"46","67","DE ASEO PERSONAL","","cosmeticos-y-cuidado-personal"
"47","61","DULCERIA ACIDOS","","dulceria-y-snacks"
"48","60","LICORES","CONFIRMAR","dulceria-y-snacks"
"49","59","STICKERS","","escolar"
"50","58","BALONES Y OTRAS PELOTAS","","juguetes"
"51","57","BOLSOS","","moda-y-accesorios"
"52","56","BOLSA PARA EMPACAR","","regalos-y-detalles"
"53","53","RECORDATORIOS OTROS","","regalos-y-detalles"
"54","52","RELOJES","","moda-y-accesorios"
"55","52","PELUCAS Y BARBAS HALLOWEEN","","disfraces-y-halloween"
"56","50","CERVEZAS","CONFIRMAR","dulceria-y-snacks"
"57","50","PINTURAS-LACAS-ESMALTES-MAQUILLAJE HALLW","","disfraces-y-halloween"
"58","50","TERMO/CANTIMPLORA/BOTELLAS","","hogar-y-variedades"
"59","43","BOLSA DE REGALO METALIZADA","","regalos-y-detalles"
"60","42","PISTOLAS DE AGUA","","juguetes"
"61","34","DESECHABLES EN ICOPOR","","decoracion-fiestas"
"62","33","MORRALES/MALETINES","","escolar"
"63","33","LAMINA/BASES DE ICOPOR","","pinateria"
"64","33","LAPIZ/BORRADOR","","escolar"
"65","31","MANI","","dulceria-y-snacks"
"66","31","GOMAS Y MILLOWS","","dulceria-y-snacks"
"67","30","CINTAS Y MALLAS DECORADAS","","regalos-y-detalles"
"68","29","AGUA","","dulceria-y-snacks"
"69","27","ACCESORIOS DE PESEBRE","","navidad"
"70","25","TARJETA DE INVITACION","","regalos-y-detalles"
"71","24","BOLSAS Y CAJAS DE SORPRESAS","","regalos-y-detalles"
"72","23","BILLETERAS","","moda-y-accesorios"
"73","23","ESTUCHE ESCOLAR","","escolar"
"74","23","CHILLONES","","juguetes"
"75","23","GASEOSAS","","dulceria-y-snacks"
"76","23","ANIMALES SURTIDOS","","juguetes"
"77","23","LIBRETAS","","escolar"
"78","22","SONAJEROS","","bebes"
"79","21","BATERIAS - CINTAS/ROLLOS FOTOGRAFICOS","","hogar-y-variedades"
"80","21","ACCESORIOS PARA MASCOTAS","","hogar-y-variedades"
"81","21","MONEDERO","","moda-y-accesorios"
"82","21","HORA LOCA HALLOWEEN","","disfraces-y-halloween"
"83","20","PORTARETRATOS","","regalos-y-detalles"
"84","20","CINTA TRANSPARENTE","","regalos-y-detalles"
"85","19","GAFAS Y ACCESOR PISCINA","","juguetes"
"86","19","CHICLETS","","dulceria-y-snacks"
"87","18","PAPEL DE REGALO TRADICIONAL","","regalos-y-detalles"
"88","18","BISUTERIA","","moda-y-accesorios"
"89","17","BOLSA DE REGALO TROQUELADA","","regalos-y-detalles"
"90","16","HERRAMIENTA DE TRABAJO","","hogar-y-variedades"
"91","16","SOMBRILLAS","","hogar-y-variedades"
"92","15","PATINETAS","","juguetes"
"93","15","TV - SONIDO - OTROS","","tecnologia-y-electronica"
"94","14","ARTICULOS PARA BEBE","","bebes"
"95","14","ENERGIZANTES","","dulceria-y-snacks"
"96","13","PINATAS EN PAPEL","","pinateria"
"97","12","PORCELANA EN CERAMICA","","hogar-y-variedades"
"98","12","CARTUCHERAS","","escolar"
"99","12","ESPADAS SURTIDAS","","juguetes"
"100","12","GORRAS","","moda-y-accesorios"
"101","11","ALCANCIAS","","regalos-y-detalles"
"102","11","MOVILES Y OTROS","","bebes"
"103","10","AVION, HELICOPTEROS,OBJETOS VOLADORES","","juguetes"
"104","9","CANGUROS","","bebes"
"105","9","PAPEL SEDA","","regalos-y-detalles"
"106","9","BOLIGRAFOS","","escolar"
"107","9","ALMENDRAS","","dulceria-y-snacks"
"108","8","SACAPUNTAS","","escolar"
"109","8","JUGOS","","dulceria-y-snacks"
"110","8","PINATAS EN ICOPOR","","pinateria"
"111","8","DIARIOS","","escolar"
"112","8","TETEROS","","bebes"
"113","8","LONCHERA","","escolar"
"114","7","TIJERAS","","escolar"
"115","6","VAJILLA DE BEBE","","bebes"
"116","6","PONQUES","","dulceria-y-snacks"
"117","6","PIMPOLINA","","bebes"
"118","6","BIENVENIDO EN ICOPOR","","pinateria"
"119","6","PAPEL TORNASOL","","regalos-y-detalles"
"120","6","PINTURA PARA GLOBOS","","pinateria"
"121","5","TE","","dulceria-y-snacks"
"122","5","LLAMA DIENTES Y CHUPOS","","bebes"
"123","5","CARTERAS","","moda-y-accesorios"
"124","5","CUADERNOS","","escolar"
"125","5","TRICICLOS","","juguetes"
"126","5","MOVILES","","bebes"
"127","5","TELARANA","","disfraces-y-halloween"
"128","4","PAPEL CREPE/CELOFAN","","regalos-y-detalles"
"129","4","PORCELANA CHINA","","hogar-y-variedades"
"130","4","SET COCINA/MUEBLES","","hogar-y-variedades"
"131","4","CONSUMO INTERNO","OCULTAR",""
"132","3","MOTIVO DE TORTA EN ICOPOR","","pinateria"
"133","3","IMPERMEABLE Y CARPAS","","juguetes"
"134","3","BINOCULARES","","juguetes"
"135","3","MUNECO CHILLON","","juguetes"
"136","3","BOMBONERA Y BANANERA DE ICOPOR","","pinateria"
"137","3","PORTALAPICEROS","","escolar"
"138","3","ARREGLOS Y COMBOS/DETALLES","","regalos-y-detalles"
"139","3","CAFE","","dulceria-y-snacks"
"140","3","CASA-CASTILLO-OTROS","","pinateria"
"141","2","WALKIE TALKIE","","tecnologia-y-electronica"
"142","2","BICICLETAS","","juguetes"
"143","2","TRENES/LOCOMOTORA","","juguetes"
"144","2","PRENDAS DE VESTIR SURT","","moda-y-accesorios"
"145","2","PAPEL FOAMY","CONFIRMAR","regalos-y-detalles"
"146","2","TELEFONO","","tecnologia-y-electronica"
"147","2","BROMAS","","juguetes"
"148","2","MALTAS","","dulceria-y-snacks"
"149","1","CRISTOS VARIOS","","regalos-y-detalles"
"150","1","ARBOL NAVIDENO","","navidad"
"151","1","REGALERA EN ICOPOR","","pinateria"
"152","1","PAPEL METAL","CONFIRMAR","regalos-y-detalles"
"153","1","GUANTES 1ra. COMUNION","","regalos-y-detalles"
"154","1","TIENDA EN ICOPOR","","pinateria"
"155","1","GUANTES/CASCOS/RODILLERAS OTROS","","juguetes"
"156","1","RECORDATORIOS BODA","","regalos-y-detalles"
"157","1","ROPA BEBE","","bebes"
"158","1","ROPA","","moda-y-accesorios"
"159","1","ZAPATOS","","moda-y-accesorios"
"160","1","VINO","CONFIRMAR","dulceria-y-snacks"
"161","1","PAPEL ALUMINIO","CONFIRMAR","regalos-y-detalles"
"162","1","PORTA CD","OCULTAR",""
"163","1","ROSARIOS DE PRIMERA COMUNION","","regalos-y-detalles"
"164","1","TRANSPORTE DOMICILIOS","OCULTAR",""
